INSERT INTO `products` (`productId`, `productName`, `productDescription`, `productPrice`, `productStock`, `productImgUrl`, `productStatus`) VALUES
(1, 'Mouse Gaming', 'Mouse ergonómico con luces RGB, sensor de alta precisión y botones programables, ideal para juegos de alto rendimiento.', 200, 100, 'https://placehold.co/290x250?text=Negocios-Web-Intro&font=roboto', 'ACT');

INSERT INTO `products` (`productId`, `productName`, `productDescription`, `productPrice`, `productStock`, `productImgUrl`, `productStatus`) VALUES
(2, 'Teclado Gaming', 'Teclado mecánico retroiluminado con switches de alta velocidad, diseñado para gamers exigentes y largas sesiones de juego.', 300, 30, 'https://placehold.co/290x250?text=Negocios-Web-2&font=roboto', 'ACT');

INSERT INTO `products` (`productId`, `productName`, `productDescription`, `productPrice`, `productStock`, `productImgUrl`, `productStatus`) VALUES
(3, 'Monitor 120hz', 'Monitor de 24 pulgadas con tasa de refresco de 120Hz, resolución Full HD y tecnología anti-parpadeo para una experiencia visual fluida.', 700, 40, 'https://placehold.co/290x250?text=Negocios-Web-Advance&font=roboto', 'ACT');

INSERT INTO `products` (`productId`, `productName`, `productDescription`, `productPrice`, `productStock`, `productImgUrl`, `productStatus`) VALUES
(4, 'Mouse Pad', 'Alfombrilla para mouse de gran tamaño con superficie antideslizante y bordes reforzados, perfecta para gaming o trabajo de precisión.', 1000, 100, 'https://placehold.co/290x250?text=Negocios-Web-Full&font=roboto', 'ACT');

INSERT INTO `products` (`productId`, `productName`, `productDescription`, `productPrice`, `productStock`, `productImgUrl`, `productStatus`) VALUES
(5, 'Laptop OMEN', 'Laptop gamer HP OMEN con procesador Intel i7, 16GB de RAM, tarjeta gráfica NVIDIA y pantalla de 144Hz para máximo rendimiento.', 1500, 40, 'https://placehold.co/290x250?text=Negocios-Web-Master&font=roboto', 'ACT');

INSERT INTO `products` (`productId`, `productName`, `productDescription`, `productPrice`, `productStock`, `productImgUrl`, `productStatus`) VALUES
(6, 'Laptop ASUS', 'Laptop ASUS con diseño delgado, procesador Ryzen 7, SSD de 512GB y gráfica integrada, ideal para trabajo y entretenimiento.', 2000, 30, 'https://placehold.co/290x250?text=Negocios-Web-Expert&font=roboto', 'ACT');

INSERT INTO `products` (`productId`, `productName`, `productDescription`, `productPrice`, `productStock`, `productImgUrl`, `productStatus`) VALUES
(7, 'PlayStation 5', 'Consola PlayStation 5 con gráficos 4K, disco SSD ultrarrápido y mando DualSense para una nueva generación de videojuegos.', 2500, 25, 'https://placehold.co/290x250?text=Negocios-Web-Guru&font=roboto', 'ACT');

INSERT INTO `products` (`productId`, `productName`, `productDescription`, `productPrice`, `productStock`, `productImgUrl`, `productStatus`) VALUES
(8, 'XBOX 360', 'Consola clásica XBOX 360 con gran catálogo de juegos, conectividad en línea y control ergonómico.', 1500, 15, 'https://placehold.co/290x250?text=Negocios-Web-Master-Ninja&font=roboto', 'ACT');

INSERT INTO `products` (`productId`, `productName`, `productDescription`, `productPrice`, `productStock`, `productImgUrl`, `productStatus`) VALUES
(9, 'XBOX SERIES X', 'XBOX Series X con soporte para juegos en 4K, almacenamiento SSD y compatibilidad con generaciones anteriores.', 2000, 20, 'https://placehold.co/290x250?text=Negocios-Web-Expert-Ninja&font=roboto', 'ACT');

INSERT INTO `products` (`productId`, `productName`, `productDescription`, `productPrice`, `productStock`, `productImgUrl`, `productStatus`) VALUES
(10, 'PC Gamer', 'PC Gamer de alto rendimiento con procesador Intel i9, tarjeta gráfica RTX 3080, refrigeración líquida y diseño RGB.', 2500, 10, 'https://placehold.co/290x250?text=Negocios-Web-Guru-Ninja&font=roboto', 'ACT');
INSERT INTO `products` (`productId`, `productName`, `productDescription`, `productPrice`, `productStock`, `productImgUrl`, `productStatus`) VALUES
(11, 'Disco SSD 1TB', 'Unidad de estado sólido (SSD) de 1TB con interfaz NVMe, ideal para aumentar la velocidad de carga del sistema y programas.', 350, 80, 'https://placehold.co/290x250?text=SSD-1TB&font=roboto', 'ACT');

INSERT INTO `products` (`productId`, `productName`, `productDescription`, `productPrice`, `productStock`, `productImgUrl`, `productStatus`) VALUES
(12, 'Memoria RAM 16GB', 'Módulo de memoria DDR4 de 16GB a 3200MHz, excelente para multitarea, gaming y productividad.', 200, 100, 'https://placehold.co/290x250?text=RAM-16GB&font=roboto', 'ACT');

INSERT INTO `products` (`productId`, `productName`, `productDescription`, `productPrice`, `productStock`, `productImgUrl`, `productStatus`) VALUES
(13, 'Fuente de Poder 650W', 'Fuente de poder certificada 80 PLUS Bronze de 650W, con cableado modular y protección contra sobrecargas.', 250, 50, 'https://placehold.co/290x250?text=PSU-650W&font=roboto', 'ACT');

INSERT INTO `products` (`productId`, `productName`, `productDescription`, `productPrice`, `productStock`, `productImgUrl`, `productStatus`) VALUES
(14, 'Tarjeta Madre ASUS B550', 'Placa base ASUS B550 compatible con procesadores AMD Ryzen, con soporte para PCIe 4.0 y hasta 128GB de RAM.', 450, 40, 'https://placehold.co/290x250?text=Motherboard-ASUS&font=roboto', 'ACT');

INSERT INTO `products` (`productId`, `productName`, `productDescription`, `productPrice`, `productStock`, `productImgUrl`, `productStatus`) VALUES
(15, 'Gabinete Gamer RGB', 'Gabinete para PC con panel lateral de vidrio templado, ventiladores RGB incluidos y excelente flujo de aire.', 300, 35, 'https://placehold.co/290x250?text=Case-RGB&font=roboto', 'ACT');

INSERT INTO `products` (`productId`, `productName`, `productDescription`, `productPrice`, `productStock`, `productImgUrl`, `productStatus`) VALUES
(16, 'Webcam Full HD', 'Cámara web con resolución 1080p, micrófono integrado y conexión USB para videollamadas claras y nítidas.', 120, 60, 'https://placehold.co/290x250?text=Webcam-HD&font=roboto', 'ACT');

INSERT INTO `products` (`productId`, `productName`, `productDescription`, `productPrice`, `productStock`, `productImgUrl`, `productStatus`) VALUES
(17, 'Router Wi-Fi 6', 'Router de última generación con tecnología Wi-Fi 6, mayor cobertura, velocidad y eficiencia para múltiples dispositivos.', 400, 25, 'https://placehold.co/290x250?text=Router-WiFi6&font=roboto', 'ACT');

INSERT INTO `products` (`productId`, `productName`, `productDescription`, `productPrice`, `productStock`, `productImgUrl`, `productStatus`) VALUES
(18, 'Sistema de Refrigeración Líquida', 'Kit de refrigeración líquida todo en uno con radiador de 240mm y luces RGB, compatible con Intel y AMD.', 500, 20, 'https://placehold.co/290x250?text=Cooler-Liquid&font=roboto', 'ACT');

INSERT INTO `products` (`productId`, `productName`, `productDescription`, `productPrice`, `productStock`, `productImgUrl`, `productStatus`) VALUES
(19, 'Hub USB 3.0 4 Puertos', 'Hub USB con 4 puertos 3.0 para expansión de periféricos, ideal para laptops o PCs con pocos puertos.', 90, 150, 'https://placehold.co/290x250?text=USB-Hub&font=roboto', 'ACT');

INSERT INTO `products` (`productId`, `productName`, `productDescription`, `productPrice`, `productStock`, `productImgUrl`, `productStatus`) VALUES
(20, 'Monitor Curvo 27"', 'Monitor curvo de 27 pulgadas con resolución 2K, tecnología VA, 144Hz y diseño sin bordes para mayor inmersión.', 950, 18, 'https://placehold.co/290x250?text=Monitor-Curvo&font=roboto', 'ACT');


  INSERT INTO `sales` (`saleId`, `productId`, `salePrice`, `saleStart`, `saleEnd`) VALUES
  (1, 1, 200, '2023-08-01 00:00:00', '2023-10-31 23:59:59');

  INSERT INTO `sales` (`saleId`, `productId`, `salePrice`, `saleStart`, `saleEnd`) VALUES
  (2, 3, 700, '2023-08-01 00:00:00', '2023-10-31 23:59:59');

  INSERT INTO `sales` (`saleId`, `productId`, `salePrice`, `saleStart`, `saleEnd`) VALUES
  (3, 5, 1500, '2023-08-01 00:00:00', '2023-10-31 23:59:59');

    INSERT INTO `sales` (`saleId`, `productId`, `salePrice`, `saleStart`, `saleEnd`) VALUES
  (4, 7, 2500, '2023-08-01 00:00:00', '2023-10-31 23:59:59');

  INSERT INTO `sales` (`saleId`, `productId`, `salePrice`, `saleStart`, `saleEnd`) VALUES
  (5, 9, 2000, '2023-08-01 00:00:00', '2023-10-31 23:59:59');
  INSERT INTO `sales` (`saleId`, `productId`, `salePrice`, `saleStart`, `saleEnd`) VALUES
  (6, 11, 350, '2023-08-01 00:00:00', '2023-10-31 23:59:59');
  INSERT INTO `sales` (`saleId`, `productId`, `salePrice`, `saleStart`, `saleEnd`) VALUES
  (7, 13, 250, '2023-08-01 00:00:00', '2023-10-31 23:59:59');
  INSERT INTO `sales` (`saleId`, `productId`, `salePrice`, `saleStart`, `saleEnd`) VALUES
  (8, 15, 300, '2023-08-01 00:00:00', '2023-10-31 23:59:59');
  INSERT INTO `sales` (`saleId`, `productId`, `salePrice`, `saleStart`, `saleEnd`) VALUES
  (9, 17, 400, '2023-08-01 00:00:00', '2023-10-31 23:59:59');
  INSERT INTO `sales` (`saleId`, `productId`, `salePrice`, `saleStart`, `saleEnd`) VALUES
  (10, 19, 90, '2023-08-01 00:00:00', '2023-10-31 23:59:59');


  INSERT INTO `highlights` ( `highlightId`, `productId`, `highlightStart`, `highlightEnd`) VALUES
  (1, 2, '2023-08-01 00:00:00', '2023-10-31 23:59:59');

  INSERT INTO `highlights` ( `highlightId`, `productId`, `highlightStart`, `highlightEnd`) VALUES
  (2, 4, '2023-08-01 00:00:00', '2023-10-31 23:59:59');
    INSERT INTO `highlights` ( `highlightId`, `productId`, `highlightStart`, `highlightEnd`) VALUES
  (3, 6, '2023-08-01 00:00:00', '2023-10-31 23:59:59');
    INSERT INTO `highlights` ( `highlightId`, `productId`, `highlightStart`, `highlightEnd`) VALUES
  (4, 8, '2023-08-01 00:00:00', '2023-10-31 23:59:59');
    INSERT INTO `highlights` ( `highlightId`, `productId`, `highlightStart`, `highlightEnd`) VALUES
  (5, 10, '2023-08-01 00:00:00', '2023-10-31 23:59:59');
     INSERT INTO `highlights` ( `highlightId`, `productId`, `highlightStart`, `highlightEnd`) VALUES
  (6, 12, '2023-08-01 00:00:00', '2023-10-31 23:59:59');
     INSERT INTO `highlights` ( `highlightId`, `productId`, `highlightStart`, `highlightEnd`) VALUES
  (7, 14, '2023-08-01 00:00:00', '2023-10-31 23:59:59');
     INSERT INTO `highlights` ( `highlightId`, `productId`, `highlightStart`, `highlightEnd`) VALUES
  (8, 16, '2023-08-01 00:00:00', '2023-10-31 23:59:59');
     INSERT INTO `highlights` ( `highlightId`, `productId`, `highlightStart`, `highlightEnd`) VALUES
  (9, 18, '2023-08-01 00:00:00', '2023-10-31 23:59:59');
     INSERT INTO `highlights` ( `highlightId`, `productId`, `highlightStart`, `highlightEnd`) VALUES
  (10, 20, '2023-08-01 00:00:00', '2023-10-31 23:59:59');
